Index,City,State,Population Density (Persons/Square Mile),2016 Population,Land Area (Square Miles)
1,New York, New York,28211,8537673,303
2,Los Angeles, California,8484,3976322,469
3,Chicago, Illinois,11883,2704958,228
4,Houston, Texas,3842,2303482,600
5,Phoenix, Arizona,3126,1615017,517
6,Philadelphia, Pennsylvania,11692,1567872,134
7,San Antonio, Texas,3238,1492510,461
8,San Diego, California,4326,1406630,325
9,Dallas, Texas,3870,1317929,341
10,San Jose, California,5808,1025350,177
11,Austin, Texas,3182,947890,298
12,Jacksonville, Florida,1179,880619,747
13,San Francisco, California,18581,870887,47
14,Columbus, Ohio,3960,860090,217
15,Indianapolis, Indiana,2366,855164,361
16,Fort Worth, Texas,2513,854113,340
17,Charlotte, North Carolina,2829,842051,298
18,Seattle, Washington,8391,704352,84
19,Denver, Colorado,4530,693060,153
20,El Paso, Texas,2676,683080,255
21,Washington, District of Columbia,11158,681170,61
22,Boston, Massachusetts,13943,673184,48
23,Detroit, Michigan,4849,672795,139
24,Nashville, Tennessee,1390,660388,475
25,Memphis, Tennessee,2072,652717,315
26,Portland, Oregon,4795,639863,133
27,Oklahoma City, Oklahoma,1053,638367,606
28,Las Vegas, Nevada,4660,632912,136
29,Louisville, Kentucky,1895,616261,325
30,Baltimore, Maryland,7594,614664,81
31,Milwaukee, Wisconsin,6191,595047,96
32,Albuquerque, New Mexico,2979,559277,188
33,Tucson, Arizona,2341,530706,227
34,Fresno, California,4663,522053,112
35,Sacramento, California,5058,495234,98
36,Mesa, Arizona,3551,484587,136
37,Kansas City, Missouri,1529,481420,315
38,Atlanta, Georgia,3549,472522,133
39,Long Beach, California,9348,470130,50
40,Colorado Springs, Colorado,2391,465101,195
41,Raleigh, North Carolina,3211,458880,143
42,Miami, Florida,12645,453579,36
43,Virginia Beach, Virginia,1818,452602,249
44,Omaha, Nebraska,3517,446970,127
45,Oakland, California,7528,420005,56
46,Minneapolis, Minnesota,7664,413651,54
47,Tulsa, Oklahoma,2049,403090,197
48,Arlington, Texas,4096,392772,96
49,New Orleans, Louisiana,2311,391495,169
50,Wichita, Kansas,2448,389902,159
51,Cleveland, Ohio,4965,385809,78
52,Tampa, Florida,3326,377165,113
53,Bakersfield, California,2648,376380,142
54,Aurora, Colorado,2338,361710,155
55,Urban Honolulu, Hawaii,5813,351792,61
56,Anaheim, California,7043,351043,50
57,Santa Ana, California,12256,334217,27
58,Corpus Christi, Texas,2028,325733,161
59,Riverside, California,4002,324722,81
60,Lexington, Kentucky,1123,318449,284
61,St. Louis, Missouri,5030,311404,62
62,Stockton, California,4979,307072,62
63,Pittsburgh, Pennsylvania,5484,303625,55
64,St. Paul, Minnesota,5818,302398,52
65,Cincinnati, Ohio,3834,298800,78
66,Anchorage, Alaska,175,298192,1705
67,Henderson, Nevada,2719,292969,108
68,Greensboro, North Carolina,2269,287027,127
69,Plano, Texas,3996,286057,72
70,Newark, New Jersey,11648,281764,24
71,Lincoln, Nebraska,3146,280364,89
72,Toledo, Ohio,3452,278508,81
73,Orlando, Florida,2707,277173,102
74,Chula Vista, California,5383,267172,50
75,Irvine, California,4025,266122,66
76,Fort Wayne, Indiana,2391,264488,111
77,Jersey City, New Jersey,17860,264152,15
78,Durham, North Carolina,2450,263016,107
79,St. Petersburg, Florida,4227,260999,62
80,Laredo, Texas,2892,257156,89
81,Buffalo, New York,6362,256902,40
82,Madison, Wisconsin,3289,252551,77
83,Lubbock, Texas,2063,252506,122
84,Chandler, Arizona,3842,247477,64
85,Scottsdale, Arizona,1341,246645,184
86,Glendale, Arizona,4100,245895,60
87,Reno, Nevada,2381,245255,103
88,Norfolk, Virginia,4529,245115,54
89,Winston-Salem, North Carolina,1829,242203,132
90,North Las Vegas, Nevada,2355,238702,101
91,Irving, Texas,3555,238289,67
92,Chesapeake, Virginia,698,237940,341
93,Gilbert, Arizona,3489,237133,68
94,Hialeah, Florida,11020,236387,21
95,Garland, Texas,4116,234943,57
96,Fremont, California,3010,233136,77
97,Baton Rouge, Louisiana,2959,227715,77
98,Richmond, Virginia,3731,223170,60
99,Boise City, Idaho,2812,223154,79
100,San Bernardino, California,3653,216239,59
101,Spokane, Washington,3645,215973,59
102,Des Moines, Iowa,2664,215472,81
103,Modesto, California,5755,212175,37
104,Birmingham, Alabama,1452,212157,146
105,Tacoma, Washington,4249,211277,50
106,Fontana, California,4941,209665,42
107,Rochester, New York,5838,208880,36
108,Oxnard, California,7732,207906,27
109,Moreno Valley, California,4008,205499,51
110,Fayetteville, North Carolina,1404,204759,146
111,Aurora, Illinois,4475,201110,45
112,Glendale, California,6595,200831,30
113,Yonkers, New York,11150,200807,18
114,Huntington Beach, California,7501,200652,27
115,Montgomery, Alabama,1254,200022,160
116,Amarillo, Texas,2006,199582,99
117,Little Rock, Arkansas,1666,198541,119
118,Akron, Ohio,3186,197633,62
119,Columbus, Georgia,913,197485,216
120,Augusta-Richmond County, Georgia,652,197081,302
121,Grand Rapids, Michigan,4424,196445,44
122,Shreveport, Louisiana,1850,194920,105
123,Salt Lake City, Utah,1744,193744,111
124,Huntsville, Alabama,924,193079,209
125,Mobile, Alabama,1387,192904,139
126,Tallahassee, Florida,1904,190894,100
127,Grand Prairie, Texas,2645,190682,72
128,Overland Park, Kansas,2525,188966,75
129,Knoxville, Tennessee,1890,186239,99
130,Port St. Lucie, Florida,1625,185132,114
131,Worcester, Massachusetts,4937,184508,37
132,Brownsville, Texas,1389,183823,132
133,Tempe, Arizona,4570,182498,40
134,Santa Clarita, California,3452,181972,53
135,Newport News, Virginia,2646,181825,69
136,Cape Coral, Florida,1702,179804,106
137,Providence, Rhode Island,9740,179219,18
138,Fort Lauderdale, Florida,5141,178752,35
139,Chattanooga, Tennessee,1295,177571,137
140,Rancho Cucamonga, California,4430,176534,40
141,Oceanside, California,4256,175464,41
142,Santa Rosa, California,4242,175155,41
143,Garden Grove, California,9747,174858,18
144,Vancouver, Washington,3763,174826,46
145,Sioux Falls, South Dakota,2390,174360,73
146,Ontario, California,3468,173212,50
147,McKinney, Texas,2770,172298,62
148,Elk Grove, California,4023,169743,42
149,Jackson, Mississippi,1523,169148,111
150,Pembroke Pines, Florida,5090,168587,33
151,Salem, Oregon,3495,167419,48
152,Springfield, Missouri,2047,167319,82
153,Corona, California,4295,166785,39
154,Eugene, Oregon,3810,166575,44
155,Fort Collins, Colorado,3025,164207,54
156,Peoria, Arizona,941,164173,174
157,Frisco, Texas,2648,163656,62
158,Cary, North Carolina,2987,162320,54
159,Lancaster, California,1698,160106,94
160,Hayward, California,3507,158937,45
161,Palmdale, California,1485,157356,106
162,Salinas, California,6782,157218,23
163,Alexandria, Virginia,10367,155810,15
164,Lakewood, Colorado,3601,154393,43
165,Springfield, Massachusetts,4834,154074,32
166,Pasadena, Texas,3586,153351,43
167,Sunnyvale, California,6947,152771,22
168,Pomona, California,6645,152494,23
169,Hollywood, Florida,5553,151998,27
170,Kansas City, Kansas,1216,151709,125
171,Escondido, California,4119,151613,37
172,Clarksville, Tennessee,1540,150287,98
173,Joliet, Illinois,2387,148262,62
174,Rockford, Illinois,2417,147651,61
175,Torrance, California,7187,147195,20
176,Naperville, Illinois,3795,147122,39
177,Paterson, New Jersey,17438,147000,8
178,Savannah, Georgia,1423,146763,103
179,Bridgeport, Connecticut,9138,145936,16
180,Mesquite, Texas,3123,143736,46
181,Killeen, Texas,2676,143400,54
182,Syracuse, New York,5726,143378,25
183,McAllen, Texas,2942,142212,48
184,Pasadena, California,6185,142059,23
185,Bellevue, Washington,4423,141400,32
186,Fullerton, California,6296,140721,22
187,Orange, California,5665,140504,25
188,Dayton, Ohio,2525,140489,56
189,Miramar, Florida,4690,138449,30
190,Thornton, Colorado,3924,136703,35
191,West Valley City, Utah,3841,136574,36
192,Olathe, Kansas,2271,135473,60
193,Hampton, Virginia,2634,135410,51
194,Warren, Michigan,3930,135125,34
195,Midland, Texas,1868,134610,72
196,Waco, Texas,1511,134432,89
197,Charleston, South Carolina,1233,134385,109
198,Columbia, South Carolina,1016,134309,132
199,Denton, Texas,1521,133808,88
200,Carrollton, Texas,3674,133351,36
201,Surprise, Arizona,1255,132677,106
202,Roseville, California,3663,132671,36
203,Sterling Heights, Michigan,3628,132427,37
204,Murfreesboro, Tennessee,2384,131947,55
205,Gainesville, Florida,2147,131591,61
206,Cedar Rapids, Iowa,1852,131127,71
207,Visalia, California,3616,131074,36
208,Coral Springs, Florida,5467,130059,24
209,New Haven, Connecticut,6956,129934,19
210,Stamford, Connecticut,3430,129113,38
211,Thousand Oaks, California,2342,128888,55
212,Concord, California,4214,128726,31
213,Elizabeth, New Jersey,10442,128640,12
214,Lafayette, Louisiana,2592,127626,49
215,Kent, Washington,4454,127514,29
216,Topeka, Kansas,2107,126808,60
217,Simi Valley, California,3045,126327,41
218,Santa Clara, California,6841,125948,18
219,Athens-Clarke County, Georgia,1060,123371,116
220,Hartford, Connecticut,7091,123243,17
221,Victorville, California,1671,122265,73
222,Abilene, Texas,1145,122225,107
223,Norman, Oklahoma,683,122180,179
224,Vallejo, California,3955,121299,31
225,Berkeley, California,11580,121240,10
226,Round Rock, Texas,3544,120892,34
227,Ann Arbor, Michigan,4340,120782,28
228,Fargo, North Dakota,2474,120762,49
229,Columbia, Missouri,1912,120612,63
230,Allentown, Pennsylvania,6863,120443,18
231,Evansville, Indiana,2706,119477,44
232,Beaumont, Texas,1429,118299,83
233,Odessa, Texas,2810,117871,42
234,Wilmington, North Carolina,2282,117525,51
235,Arvada, Colorado,3342,117453,35
236,Independence, Missouri,1509,117030,78
237,Provo, Utah,2805,116868,42
238,Lansing, Michigan,3218,116020,36
239,El Monte, California,12114,115807,10
240,Springfield, Illinois,1945,115715,59
241,Fairfield, California,3069,114756,37
242,Clearwater, Florida,4474,114361,26
243,Peoria, Illinois,2380,114265,48
244,Rochester, Minnesota,2088,114011,55
245,Carlsbad, California,3021,113952,38
246,Westminster, Colorado,3609,113875,32
247,West Jordan, Utah,3503,113699,32
248,Pearland, Texas,2415,113570,47
249,Richardson, Texas,3969,113347,29
250,Downey, California,9127,113267,12
251,Miami Gardens, Florida,6202,113058,18
252,Temecula, California,3750,113054,30
253,Costa Mesa, California,7209,112822,16
254,College Station, Texas,2268,112141,49
255,Elgin, Illinois,3017,112123,37
256,Murrieta, California,3326,111674,34
257,Gresham, Oregon,4807,111523,23
258,High Point, North Carolina,2067,111223,54
259,Antioch, California,3912,110898,28
260,Inglewood, California,12200,110654,9
261,Cambridge, Massachusetts,17316,110651,6
262,Lowell, Massachusetts,8141,110558,14
263,Manchester, New Hampshire,3339,110506,33
264,Billings, Montana,2541,110323,43
265,Pueblo, Colorado,2056,110291,54
266,Palm Bay, Florida,1676,110104,66
267,Centennial, Colorado,3828,109932,29
268,Richmond, California,3652,109813,30
269,San Buenaventura, California,5062,109592,22
270,Pompano Beach, Florida,4558,109393,24
271,North Charleston, South Carolina,1493,109298,73
272,Everett, Washington,3260,109043,33
273,Waterbury, Connecticut,3796,108272,29
274,West Palm Beach, Florida,1956,108161,55
275,Boulder, Colorado,4383,108090,25
276,West Covina, California,6724,107847,16
277,Broken Arrow, Oklahoma,1744,107403,62
278,Clovis, California,4578,106583,23
279,Daly City, California,13900,106472,8
280,Lakeland, Florida,1630,106420,65
281,Santa Maria, California,4670,106290,23
282,Norwalk, California,10935,106178,10
283,Sandy Springs, Georgia,2808,105703,38
284,Hillsboro, Oregon,4400,105164,24
285,Green Bay, Wisconsin,2312,105139,45
286,Tyler, Texas,1946,104798,54
287,Wichita Falls, Texas,1452,104724,72
288,Lewisville, Texas,2875,104659,36
289,Burbank, California,6023,104447,17
290,Greeley, Colorado,2234,103990,47
291,San Mateo, California,8570,103959,12
292,El Cajon, California,7191,103768,14
293,Rialto, California,4623,103314,22
294,Davenport, Iowa,1630,102612,63
295,League City, Texas,1989,102010,51
296,Davie, Florida,2920,101871,35
297,Las Cruces, New Mexico,1330,101759,76
298,South Bend, Indiana,2454,101735,41
299,Vista, California,5442,101659,19
300,Renton, Washington,4366,100953,23
301,San Angelo, Texas,1771,100702,57
302,Roanoke, Virginia,2342,99660,43
303,Kenosha, Wisconsin,3700,99631,27
304,Tuscaloosa, Alabama,1653,99543,60
305,Allen, Texas,3772,99179,26
306,Erie, Pennsylvania,5167,98593,19
307,Sparks, Nevada,2750,98345,36
308,Vacaville, California,3465,98303,28
309,Albany, New York,4587,98111,21
310,Beaverton, Oregon,5210,97590,19
311,Compton, California,9745,97550,10
312,Orem, Utah,5331,97499,18
313,Flint, Michigan,2914,97386,33
314,Federal Way, Washington,4347,96757,22
315,Mission Viejo, California,5434,96396,18
316,Spokane Valley, Washington,2551,96340,38
317,Boca Raton, Florida,3277,96114,29
318,Lee's Summit, Missouri,1517,96076,63
319,Rio Rancho, New Mexico,929,96028,103
320,Sandy, Utah,4190,95836,23
321,Brockton, Massachusetts,4483,95630,21
322,Meridian, Idaho,3569,95623,27
323,South Gate, California,13196,95538,7
324,Lawrence, Kansas,2841,95358,34
325,San Marcos, California,3909,95261,24
326,Portsmouth, Virginia,2831,95252,34
327,New Bedford, Massachusetts,4752,95032,20
328,Yuma, Arizona,789,94906,120
329,Lawton, Oklahoma,1168,94653,81
330,Roswell, Georgia,2323,94598,41
331,Dearborn, Michigan,3899,94444,24
332,Livonia, Michigan,2634,94041,36
333,Yakima, Washington,3458,93986,27
334,Sunrise, Florida,5179,93734,18
335,Hesperia, California,1282,93724,73
336,Quincy, Massachusetts,5654,93688,17
337,Longmont, Colorado,3546,92858,26
338,Carson, California,4957,92797,19
339,Plantation, Florida,4264,92706,22
340,Lynn, Massachusetts,8631,92697,11
341,Santa Monica, California,10996,92478,8
342,Santa Barbara, California,4722,91930,19
343,Miami Beach, Florida,12047,91917,8
344,Redding, California,1539,91808,60
345,Chico, California,2782,91567,33
346,Westminster, California,9111,91565,10
347,Greenville, North Carolina,2644,91495,35
348,Nampa, Idaho,2930,91382,31
349,Edmond, Oklahoma,1077,91191,85
350,Bend, Oregon,2760,91122,33
351,Carmel, Indiana,1919,91065,47
352,San Leandro, California,6781,90465,13
353,Fishers, Indiana,2683,90127,34
354,Deltona, Florida,2401,90124,38
355,Concord, North Carolina,1491,89891,60
356,Tracy, California,4058,89274,22
357,Suffolk, Virginia,223,89273,400
358,Asheville, North Carolina,1984,89121,45
359,Livermore, California,3541,89115,25
360,Newton, Massachusetts,4991,89045,18
361,Fall River, Massachusetts,2684,88930,33
362,Menifee, California,1905,88531,46
363,Indio, California,3032,88488,29
364,Norwalk, Connecticut,3869,88438,23
365,Waukegan, Illinois,3725,88182,24
366,Sugar Land, Texas,2723,88177,32
367,Fort Smith, Arkansas,1422,88133,62
368,Hawthorne, California,14479,88031,6
369,Nashua, New Hampshire,2849,87882,31
370,Chino, California,2961,87776,30
371,Kirkland, Washington,8128,87701,11
372,Edinburg, Texas,2329,87650,38
373,Reading, Pennsylvania,8864,87575,10
374,Bellingham, Washington,3234,87574,27
375,Citrus Heights, California,6144,87432,14
376,Whittier, California,5931,86883,15
377,Ogden, Utah,3200,86701,27
378,Newport Beach, California,3642,86688,24
379,Champaign, Illinois,3863,86637,22
380,Duluth, Minnesota,1273,86293,68
381,O'Fallon, Missouri,2956,86274,29
382,Clifton, New Jersey,7624,85845,11
383,Alhambra, California,11202,85474,8
384,Bloomington, Minnesota,2460,85319,35
385,Palm Coast, Florida,947,85109,90
386,Danbury, Connecticut,2029,84992,42
387,Hoover, Alabama,1802,84978,47
388,Redwood City, California,4374,84950,19
389,Bloomington, Indiana,3647,84465,23
390,Hemet, California,3026,84281,28
391,Mount Pleasant, South Carolina,1867,84170,45
392,Trenton, New Jersey,10988,84056,8
393,Santa Fe, New Mexico,1824,83875,46
394,Johns Creek, Georgia,2729,83873,31
395,Fayetteville, Arkansas,1557,83826,54
396,Troy, Michigan,2499,83641,33
397,Mission, Texas,2458,83563,34
398,Bryan, Texas,1875,83260,44
399,Lake Forest, California,4671,83240,18
400,Buena Park, California,7905,83156,11
401,Largo, Florida,4714,83065,18
402,Cicero, Illinois,14162,82992,6
403,Avondale, Arizona,1818,82881,46
404,Sioux City, Iowa,1445,82872,57
405,Merced, California,3542,82594,23
406,St. George, Utah,1169,82318,70
407,Conroe, Texas,1561,82286,53
408,Pleasanton, California,3412,82270,24
409,Longview, Texas,1473,82055,56
410,Medford, Oregon,3173,81636,26
411,Warwick, Rhode Island,2328,81579,35
412,Westland, Michigan,3993,81545,20
413,Somerville, Massachusetts,19738,81322,4
414,Melbourne, Florida,2398,81185,34
415,Lakewood, California,8623,81138,9
416,Farmington Hills, Michigan,2438,81129,33
417,Cranston, Rhode Island,2859,81034,28
418,Kennewick, Washington,2988,80454,27
419,Mountain View, California,6704,80447,12
420,Napa, California,4508,80416,18
421,Tustin, California,7256,80395,11
422,Lynchburg, Virginia,1633,80212,49
423,Lawrence, Massachusetts,11574,80209,7
424,Deerfield Beach, Florida,5286,79764,15
425,Brooklyn Park, Minnesota,3057,79707,26
426,New Rochelle, New York,7687,79557,10
427,Parma, Ohio,3967,79425,20
428,Alameda, California,7437,78906,11
429,Chino Hills, California,1764,78822,45
430,Springdale, Arkansas,1879,78557,42
431,Bloomington, Illinois,2866,78005,27
432,Bellflower, California,12711,77790,6
433,Racine, Wisconsin,5011,77571,15
434,Milpitas, California,5705,77528,14
435,Auburn, Washington,2616,77472,30
436,Pharr, Texas,3301,77320,23
437,Scranton, Pennsylvania,3054,77291,25
438,Folsom, California,3520,77271,22
439,Goodyear, Arizona,403,77258,191
440,Plymouth, Minnesota,2363,77216,33
441,Fort Myers, Florida,1931,77146,40
442,Hammond, Indiana,3386,77134,23
443,Manteca, California,4338,76908,18
444,Loveland, Colorado,2289,76897,34
445,Lake Charles, Louisiana,1827,76848,42
446,Upland, California,4909,76684,16
447,St. Joseph, Missouri,1738,76472,44
448,Baldwin Park, California,11533,76464,7
449,Gary, Indiana,1532,76424,50
450,Perris, California,2432,76331,31
451,Baytown, Texas,2144,75992,35
452,Kalamazoo, Michigan,3079,75984,25
453,Layton, Utah,3439,75655,22
454,San Ramon, California,4188,75639,18
455,Boynton Beach, Florida,4673,75569,16
456,Wyoming, Michigan,3067,75567,25
457,Gastonia, North Carolina,1496,75536,51
458,Arlington Heights, Illinois,4547,75525,17
459,Union City, California,3869,75322,19
460,Bethlehem, Pennsylvania,3942,75293,19
461,Evanston, Illinois,9627,74895,8
462,Jonesboro, Arkansas,938,74889,80
463,Franklin, Tennessee,1814,74794,41
464,Missouri City, Texas,2624,74561,28
465,Bolingbrook, Illinois,3098,74518,24
466,Schaumburg, Illinois,3873,74446,19
467,Camden, New Jersey,8343,74420,9
468,Iowa City, Iowa,2975,74398,25
469,Warner Robins, Georgia,2121,74388,35
470,Appleton, Wisconsin,3057,74370,24
471,Rapid City, South Dakota,1336,74048,55
472,New Braunfels, Texas,1686,73959,44
473,Albany, Georgia,1339,73801,55
474,Temple, Texas,1067,73600,69
475,Flower Mound, Texas,1777,73547,41
476,Rochester Hills, Michigan,2237,73422,33
477,Southfield, Michigan,2783,73100,26
478,Rock Hill, South Carolina,2042,72937,36
479,Turlock, California,4300,72796,17
480,Decatur, Illinois,1722,72706,42
481,New Britain, Connecticut,5419,72558,13
482,Apple Valley, California,991,72553,73
483,Bismarck, North Dakota,2348,72417,31
484,Missoula, Montana,2630,72364,28
485,Waukesha, Wisconsin,2917,72363,25
486,Rancho Cordova, California,2158,72326,34
487,Gulfport, Mississippi,1297,72076,56
488,Lafayette, Indiana,2588,71782,28
489,Lauderhill, Florida,8397,71626,9
490,Flagstaff, Arizona,1119,71459,64
491,Wilmington, Delaware,6554,71442,11
492,Pawtucket, Rhode Island,8229,71427,9
493,Canton, Ohio,2801,71323,25
494,Redlands, California,1973,71288,36
495,Lynwood, California,14708,71187,5
496,Pittsburg, California,4104,70679,17
497,Passaic, New Jersey,22424,70635,3
498,Pasco, Washington,2314,70579,31
499,Frederick, Maryland,3186,70060,22
500,Weston, Florida,2783,70015,25
501,North Richland Hills, Texas,3841,69798,18
502,Maple Grove, Minnesota,2132,69576,33
503,Kissimmee, Florida,3274,69369,21
504,Union City, New Jersey,54138,69296,1
505,St. Charles, Missouri,2930,69293,24
506,Walnut Creek, California,3498,69122,20
507,South Jordan, Utah,3131,69034,22
508,Muncie, Indiana,2537,69010,27
509,Cedar Park, Texas,3016,68918,23
510,Woodbury, Minnesota,1982,68820,35
511,Palatine, Illinois,5049,68766,14
512,Bossier City, Louisiana,1618,68485,42
513,Dothan, Alabama,766,68468,89
514,Mount Vernon, New York,15568,68344,4
515,Eau Claire, Wisconsin,2133,68339,32
516,Yorba Linda, California,3503,68235,19
517,Davis, California,6887,68111,10
518,Homestead, Florida,4491,67996,15
519,Waterloo, Iowa,1107,67934,61
520,Redondo Beach, California,10946,67867,6
521,Jacksonville, North Carolina,1457,67784,47
522,Gaithersburg, Maryland,6645,67776,10
523,Victoria, Texas,1907,67670,35
524,St. Cloud, Minnesota,1689,67641,40
525,Marysville, Washington,3270,67626,21
526,Greenville, South Carolina,2353,67453,29
527,Delray Beach, Florida,4261,67371,16
528,Camarillo, California,3449,67363,20
529,Georgetown, Texas,1403,67140,48
530,Kenner, Louisiana,4512,67089,15
531,Palo Alto, California,2807,67024,24
532,Jackson, Tennessee,1247,67005,54
533,South San Francisco, California,7328,66980,9
534,Rockville, Maryland,4955,66940,14
535,Portland, Maine,3141,66937,21
536,Yuba City, California,4585,66845,15
537,Johnson City, Tennessee,1553,66677,43
538,Daytona Beach, Florida,1141,66645,58
539,Oshkosh, Wisconsin,2602,66579,26
540,Broomfield, Colorado,2014,66529,33
541,Eagan, Minnesota,2135,66428,31
542,North Little Rock, Arkansas,1287,66278,52
543,Bayonne, New Jersey,11420,66238,6
544,Ames, Iowa,2734,66191,24
545,Mansfield, Texas,1804,65631,36
546,Harlingen, Texas,1646,65539,40
547,Alpharetta, Georgia,2428,65338,27
548,Laguna Niguel, California,4405,65328,15
549,San Clemente, California,3491,65309,19
550,Conway, Arkansas,1440,65300,45
551,Bowling Green, Kentucky,1727,65234,38
552,Tamarac, Florida,5611,65199,12
553,Shawnee, Kansas,1558,65194,42
554,Rogers, Arkansas,1714,65021,38
555,Schenectady, New York,6022,64913,11
556,East Orange, New Jersey,16528,64789,4
557,Lodi, California,4750,64641,14
558,Buckeye, Arizona,172,64629,375
559,West Des Moines, Iowa,1673,64560,39
560,Santa Cruz, California,5060,64465,13
561,Madera, California,4081,64444,16
562,Youngstown, Ohio,1894,64312,34
563,North Port, Florida,645,64274,100
564,Skokie, Illinois,6389,64270,10
565,Lake Elsinore, California,1773,64205,36
566,Janesville, Wisconsin,1895,64159,34
567,Cheyenne, Wyoming,2611,64019,25
568,Eden Prairie, Minnesota,1970,63914,32
569,Wellington, Florida,1423,63900,45
570,Jupiter, Florida,2972,63813,21
571,Sammamish, Washington,3500,63773,18
572,Lorain, Ohio,2692,63730,24
573,Pico Rivera, California,7667,63635,8
574,Montebello, California,7603,63335,8
575,Encinitas, California,3356,63131,19
576,Auburn, Alabama,1087,63118,58
577,Waltham, Massachusetts,4949,63002,13
578,Blaine, Minnesota,1858,62892,34
579,Haverhill, Massachusetts,1907,62873,33
580,Rocklin, California,3213,62787,20
581,Tulare, California,2999,62779,21
582,Council Bluffs, Iowa,1526,62524,41
583,Redmond, Washington,3836,62458,16
584,Coon Rapids, Minnesota,2758,62359,23
585,North Miami, Florida,7389,62139,8
586,Hamilton, Ohio,2876,62127,22
587,Rowlett, Texas,3117,61999,20
588,San Marcos, Texas,2051,61980,30
589,Lakeville, Minnesota,1718,61938,36
590,Springfield, Oregon,3932,61893,16
591,Grand Junction, Colorado,1619,61881,38
592,La Habra, California,8367,61664,7
593,Moore, Oklahoma,2815,61415,22
594,Burnsville, Minnesota,2460,61290,25
595,Taylor, Michigan,2592,61177,24
596,Eastvale, California,5359,61151,11
597,National City, California,8399,61147,7
598,Lehi, Utah,2321,61130,26
599,Port Orange, Florida,2292,61105,27
600,Monterey Park, California,7963,61075,8
601,Marietta, Georgia,2640,60941,23
602,Terre Haute, Indiana,1762,60852,35
603,Malden, Massachusetts,12071,60840,5
604,Lakewood, Washington,3533,60665,17
605,Utica, New York,3619,60652,17
606,Cupertino, California,5386,60643,11
607,Brentwood, California,4093,60532,15
608,Petaluma, California,4209,60530,14
609,Vineland, New Jersey,885,60525,68
610,Taylorsville, Utah,5570,60436,11
611,Idaho Falls, Idaho,2694,60211,22
612,Noblesville, Indiana,1918,60183,31
613,Bristol, Connecticut,2277,60147,26
614,West Allis, Wisconsin,5280,60087,11
615,Gardena, California,10300,60048,6
616,La Mesa, California,6602,59948,9
617,St. Clair Shores, Michigan,5144,59775,12
618,Pontiac, Michigan,2989,59698,20
619,Meriden, Connecticut,2506,59622,24
620,Dublin, California,3996,59583,15
621,Coconut Creek, Florida,5013,59405,12
622,Casper, Wyoming,2205,59324,27
623,Owensboro, Kentucky,3105,59273,19
624,Ocala, Florida,1322,59253,45
625,Chapel Hill, North Carolina,2805,59246,21
626,Pflugerville, Texas,2654,59245,22
627,Lancaster, Pennsylvania,8191,59218,7
628,Novi, Michigan,1957,59211,30
629,Great Falls, Montana,2716,59178,22
630,Springfield, Ohio,2336,59087,25
631,Woodland, California,3861,59068,15
632,Royal Oak, Michigan,5009,59006,12
633,Porterville, California,3349,58978,18
634,San Rafael, California,3579,58954,16
635,Huntington Park, California,19561,58879,3
636,Orland Park, Illinois,2690,58862,22
637,Ankeny, Iowa,1999,58627,29
638,Bartlett, Tennessee,2200,58622,27
639,Sanford, Florida,2552,58605,23
640,Dubuque, Iowa,1953,58531,30
641,Arcadia, California,5354,58523,11
642,Bowie, Maryland,3168,58393,18
643,White Plains, New York,5961,58241,10
644,Des Plaines, Illinois,4071,58141,14
645,Doral, Florida,4175,57947,14
646,Margate, Florida,6539,57870,9
647,Santee, California,3561,57834,16
648,Kokomo, Indiana,3124,57799,19
649,Castle Rock, Colorado,1707,57666,34
650,Grand Forks, North Dakota,2881,57339,20
651,Midwest City, Oklahoma,2349,57305,24
652,St. Peters, Missouri,2561,57289,22
653,Medford, Massachusetts,7063,57213,8
654,Corvallis, Oregon,4042,57110,14
655,Hendersonville, Tennessee,1819,57050,31
656,New Brunswick, New Jersey,10881,56910,5
657,Taunton, Massachusetts,1217,56843,47
658,Tinley Park, Illinois,3548,56831,16
659,Diamond Bar, California,3817,56793,15
660,Smyrna, Georgia,3691,56664,15
661,Sarasota, Florida,3862,56610,15
662,Greenwood, Indiana,2663,56545,21
663,Fountain Valley, California,6267,56529,9
664,Valdosta, Georgia,1576,56474,36
665,Oak Lawn, Illinois,6549,56257,9
666,Novato, California,2041,56004,27
667,Chicopee, Massachusetts,2453,55991,23
668,Weymouth Town, Massachusetts,3334,55972,17
669,Dearborn Heights, Michigan,4750,55761,12
670,Berwyn, Illinois,14258,55748,4
671,Bradenton, Florida,3927,55687,14
672,Hempstead, New York,15096,55555,4
673,Hanford, California,3348,55547,17
674,Rocky Mount, North Carolina,1267,55466,44
675,Port Arthur, Texas,721,55427,77
676,Shoreline, Washington,4741,55333,12
677,Kettering, Ohio,2961,55306,19
678,Anderson, Indiana,1333,55130,41
679,Decatur, Alabama,1026,55072,54
680,Gilroy, California,3410,55069,16
681,Richland, Washington,1539,54989,36
682,Manhattan, Kansas,2931,54983,19
683,Highland, California,2929,54939,19
684,Paramount, California,11609,54909,5
685,Commerce City, Colorado,1600,54869,34
686,Huntersville, North Carolina,1384,54839,40
687,Euless, Texas,3379,54769,16
688,Pocatello, Idaho,1699,54746,32
689,Carson City, Nevada,378,54742,145
690,Colton, California,3571,54712,15
691,Casa Grande, Arizona,497,54534,110
692,West Haven, Connecticut,5071,54516,11
693,Rosemead, California,10562,54500,5
694,Blue Springs, Missouri,2444,54431,22
695,Hoboken, New Jersey,42484,54379,1
696,Normal, Illinois,2957,54264,18
697,Bonita Springs, Florida,1404,54198,39
698,Mount Prospect, Illinois,5239,54171,10
699,Cathedral City, California,2514,54056,22
700,Watsonville, California,8041,53796,7
701,Pensacola, Florida,2386,53779,23
702,Palm Beach Gardens, Florida,976,53778,55
703,Lake Havasu City, Arizona,1210,53743,44
704,Elyria, Ohio,2611,53715,21
705,Bellevue, Nebraska,3376,53505,16
706,Wheaton, Illinois,4746,53389,11
707,West New York, New Jersey,52815,53343,1
708,Yucaipa, California,1911,53309,28
709,Southaven, Mississippi,1290,53214,41
710,Albany, Oregon,3034,53211,18
711,Revere, Massachusetts,9342,53157,6
712,Caldwell, Idaho,2409,53149,22
713,Harrisonburg, Virginia,3047,53078,17
714,West Sacramento, California,2472,52981,21
715,Lenexa, Kansas,1551,52903,34
716,Kingsport, Tennessee,1060,52806,50
717,Burlington, North Carolina,2094,52709,25
718,Delano, California,3686,52707,14
719,Leesburg, Virginia,4246,52607,12
720,DeSoto, Texas,2433,52599,22
721,Milford, Connecticut,2399,52536,22
722,Perth Amboy, New Jersey,11170,52499,5
723,Peabody, Massachusetts,3238,52491,16
724,Minnetonka, Minnesota,1945,52369,27
725,Palm Desert, California,1948,52231,27
726,Placentia, California,7949,52228,7
727,Elkhart, Indiana,2227,52221,23
728,Joplin, Missouri,1468,52195,36
729,Pinellas Park, Florida,3362,52137,16
730,La Crosse, Wisconsin,2539,52109,21
731,Grapevine, Texas,1628,51971,32
732,Apple Valley, Minnesota,3082,51957,17
733,Tigard, Oregon,4395,51902,12
734,Glendora, California,2674,51851,19
735,Florissant, Missouri,4122,51776,13
736,Oak Park, Illinois,11016,51774,5
737,Hoffman Estates, Illinois,2487,51738,21
738,Kentwood, Michigan,2473,51689,21
739,Battle Creek, Michigan,1209,51534,43
740,Grand Island, Nebraska,1813,51517,28
741,Aliso Viejo, California,6884,51424,7
742,Edina, Minnesota,3324,51350,15
743,Olympia, Washington,2873,51202,18
744,Parker, Colorado,2498,51163,20
745,Enid, Oklahoma,692,51004,74
746,Burien, Washington,6873,50997,7
747,Coral Gables, Florida,3933,50815,13
748,Logan, Utah,2825,50676,18
749,Plainfield, New Jersey,8411,50636,6
750,Cerritos, California,5791,50555,9
751,Galveston, Texas,1226,50550,41
752,Coeur d'Alene, Idaho,3230,50285,16
753,Lakewood, Ohio,9092,50279,6
754,Poway, California,1281,50077,39
